round,x_1,x_2,x_3,x_4,x_5,x_6,balance_error_kw,cost
0,300.0,250.0,200.0,200.0,40.0,160.0,0.0,1431191.45
10,320.5909830991223,179.29427398712636,210.12280210896,182.67490348632117,43.581649722483945,213.7353875959862,0.0,1388332.3475919724
20,324.1984810023757,143.47138457378227,218.54850077640472,176.42655207621019,46.90230896842925,240.45277260279784,0.0,1371788.6182998838
30,325.97383877438625,124.43833723975314,223.85281653204584,174.13828914958248,49.74446736548975,251.85225093874257,0.0,1364795.894653615
40,327.27885920034157,113.28833509495523,227.24553260682399,173.47452166142668,52.0916023762469,256.6211490602057,0.0,1361373.6582652049
50,328.27853054421627,106.17622352583902,229.50142491257296,173.46116840521756,53.97712895426004,258.60552365789437,2.2737367544323206e-13,1359473.9650796244
60,329.0552811012241,101.32688223756253,231.05427703178628,173.6779436788487,55.45854369508998,259.4270722554886,2.2737367544323206e-13,1358309.39527712
70,329.6755041984637,97.84682674960321,232.15772727949982,173.95218578852928,56.602224412281984,259.7655315716222,2.2737367544323206e-13,1357541.5698305203
80,330.1864637819534,95.24893786109604,232.96737013776863,174.2196248074599,57.47323810655538,259.90436530516695,2.2737367544323206e-13,1357009.8119966073
90,330.6186336117591,93.24868393958157,233.58125744293287,174.46061690236323,58.129704128210115,259.96110397515355,4.547473508864641e-13,1356629.899973319
100,330.9910734958556,91.66996481128432,234.0619099258145,174.6722829732599,58.620549465587835,259.9842193281985,6.821210263296962e-13,1356353.2295277484
110,331.3159919778903,90.39844803161151,234.44946173918026,174.85713830915034,58.98534869736957,259.9936112447986,6.821210263296962e-13,1356149.31454492
120,331.601678880834,89.3569192461934,234.76990089840052,175.01885124312037,59.255231358410406,259.9974183730419,6.821210263296962e-13,1355997.7972669601
130,331.8541702654525,88.49150028974879,235.04029872888927,175.16087005370662,59.45420215193114,259.9989585102723,6.821210263296962e-13,1355884.5045219103
140,332.07814267185205,87.76355226265441,235.27211263363324,175.2861044582461,59.60050752414263,259.99958044947226,6.821210263296962e-13,1355799.3145463543
150,332.27738808193703,87.14471171337091,235.4732527239408,175.3969441440957,59.707872129216035,259.99983120744025,6.821210263296962e-13,1355734.89153341
160,332.455072910136,86.6137349240368,235.64936483933593,175.49535519461944,59.78653996228703,259.9999321695854,6.821210263296962e-13,1355685.873993437
170,332.6138880065559,86.15442832825416,235.80462400184143,175.58297344100902,59.844113452620846,259.99997276971925,6.821210263296962e-13,1355648.3241045787
180,332.75614326011953,85.75425439991186,235.9422257625777,175.6611768638998,59.88621063502709,259.9999890784646,4.547473508864641e-13,1355619.3405671746
190,332.8838330255004,85.40337043060583,236.06469270910952,175.7311383268338,59.91696988479203,259.99999562315895,4.547473508864641e-13,1355596.7807163822
200,332.99868515679873,85.09395208419596,236.1740683687272,175.7938638429453,59.93943230008282,259.9999982472506,6.821210263296962e-13,1355579.0587869396
210,333.10219997263795,84.81970864368932,236.27204249833767,175.8502210193242,59.95582856745543,259.999999298556,6.821210263296962e-13,1355564.9985863972
220,333.19568239954424,84.57552994191755,236.36003434858677,175.90096094382935,59.96779264667164,259.9999997194511,6.821210263296962e-13,1355553.725569675
230,333.2802690686425,84.35722540979442,236.43924990713415,175.9467356101948,59.97652011638291,259.99999988785197,6.821210263296962e-13,1355544.587645751
240,333.356951425536,84.16132862525278,236.51072275078525,175.98811218294546,59.98288506029012,259.99999995519113,6.821210263296962e-13,1355537.0970077002
250,333.4265955542775,83.98494913113804,236.5753443196756,176.02558491207503,59.98752610073015,259.99999998210444,6.821210263296962e-13,1355530.8873704504
260,333.48995922599227,83.82565882835489,236.63388715022614,176.0595852166189,59.99090958595281,259.9999999928558,9.094947017729282e-13,1355525.6825096041
270,333.5477065731705,83.68140397405756,236.68702324721903,176.090490287004,59.9933759214008,259.99999999714896,9.094947017729282e-13,1355521.273093197
280,333.60042072069916,83.55043635914942,236.73533896588233,176.11863045684944,59.99517349855786,259.9999999988626,9.094947017729282e-13,1355517.4996015101
290,333.64861465494533,83.43125900415122,236.77934728941156,176.14429553491456,59.996483517031834,259.99999999954633,9.094947017729282e-13,1355514.2397184658
300,333.69274057344484,83.32258295332555,236.81949809350556,176.1677402496241,59.997438130281616,259.99999999981907,6.821210263296962e-13,1355511.399009361
310,333.7331979256175,83.22329263042232,236.85618680896704,176.18918893238705,59.99813370267897,259.9999999999279,9.094947017729282e-13,1355508.9040157432
320,333.7703403273026,83.13241785582105,236.8897617800637,176.20883954656753,59.99864049027467,259.9999999999713,9.094947017729282e-13,1355506.6971298275
330,333.80448150774185,83.04911108827702,236.92053054302588,176.22686715370892,59.999009707258715,259.9999999999885,9.094947017729282e-13,1355504.7327805457
340,333.8359004263547,82.97262879536986,236.9487651998307,176.24342689599303,59.99927868245722,259.9999999999954,9.094947017729282e-13,1355502.9745876547
350,333.864845677909,82.90231610988911,236.9747070279333,176.25865656316978,59.99947462110157,259.9999999999981,9.094947017729282e-13,1355501.3932314562
360,333.891539288229,82.83759411903374,236.99857044134646,176.2726788028882,59.999617348504245,259.9999999999992,9.094947017729282e-13,1355499.9648524611
370,333.9161799881894,82.7779492765687,237.0205463991891,176.28560302525145,59.999721310802514,259.9999999999997,9.094947017729282e-13,1355498.6698443233
380,333.93894604120794,82.72292453716604,237.04080534258017,176.2975270453416,59.99979703370515,259.9999999999997,6.821210263296962e-13,1355497.491939298
390,333.9599976885892,82.6721118958369,237.059499728364,176.30853850129145,59.99985218591914,259.9999999999997,4.547473508864641e-13,1355496.4175118722
400,333.9794792676926,82.62514608000458,237.0767662178875,176.31871608012224,59.99989235429351,259.9999999999997,2.2737367544323206e-13,1355495.435045596
410,333.9975210498368,82.58169919204234,237.09272757042723,176.32813057892423,59.99992160876966,259.9999999999997,0.0,1355494.5347224155
420,334.01424083793654,82.54147613944836,237.10749428356647,176.33684582495192,59.999942914096714,259.9999999999997,-2.2737367544323206e-13,1355493.7081042936
430,334.0297453579597,82.50421072081441,237.1211660166146,176.34491947476204,59.99995842984907,259.9999999999997,-4.547473508864641e-13,1355492.9478846593
440,334.0441314732465,82.46966226028341,237.13383282786913,176.35240370956726,59.99996972903321,259.9999999999997,-6.821210263296962e-13,1355492.2476929256
450,334.05748724644405,82.43761270273622,237.1455762520035,176.35934584145167,59.999977957363726,259.9999999999997,-1.1368683772161603e-12,1355491.601939554
460,334.06989287015057,82.40786409759218,237.15647024001447,176.3657888429376,59.99998394930407,259.9999999999997,-1.3642420526593924e-12,1355491.005692262
470,334.08142148426737,82.38023641170055,237.16658198087347,176.37177181055387,59.99998831260328,259.9999999999997,-1.8189894035458565e-12,1355490.4545762963
480,334.09213989541865,82.35456562197888,237.1759726212293,176.37733037149266,59.99999148987879,259.9999999999997,-2.0463630789890885e-12,1355489.9446934278
490,334.1021092115637,82.33070204672576,237.18469789712208,176.38249704111107,59.99999380347554,259.9999999999997,-2.0463630789890885e-12,1355489.4725555987
500,334.11138540302875,82.30850888128283,237.19280868964063,176.38730153790382,59.99999548814182,259.9999999999997,-2.5011104298755527e-12,1355489.0350301282
510,334.120019799576,82.28786090925192,237.20035151472692,176.39177106161333,59.99999671482945,259.9999999999997,-2.7284841053187847e-12,1355488.6292941016
520,334.12805953175524,82.26864336502342,237.2073689558621,176.3959305393277,59.999997608028806,259.9999999999997,-2.9558577807620168e-12,1355488.2527961067
530,334.13554792362504,82.25075092713165,237.21390004712012,176.39980284372592,59.99999825839437,259.9999999999997,-3.183231456205249e-12,1355487.9032239013
540,334.14252484293775,82.23408682507076,237.21998061300977,176.40340898703863,59.99999873193994,259.9999999999997,-3.410605131648481e-12,1355487.5784768963
550,334.14902701404407,82.21856204479948,237.2256435706239,176.40676829379385,59.9999990767353,259.9999999999997,-3.637978807091713e-12,1355487.2766425915
560,334.15508829805106,82.20409462033018,237.2309191988419,176.4098985549899,59.999999327783335,259.9999999999997,-3.865352482534945e-12,1355486.995976264
570,334.1607399441592,82.1906090006149,237.23583537867546,176.4128161659751,59.99999951057157,259.9999999999997,-4.092726157978177e-12,1355486.7348833708
580,334.1660108155769,82.17803548246806,237.24041780828895,176.41553625000344,59.99999964365867,259.9999999999997,-4.320099833421409e-12,1355486.4919042136
590,334.17092759296577,82.16630970155371,237.24469019574641,176.41807276917206,59.99999974055789,259.9999999999997,-4.547473508864641e-12,1355486.2657005182
600,334.1755149579843,82.15537217455591,237.24867443212847,176.42043862421835,59.999999811108594,259.9999999999997,-4.547473508864641e-12,1355486.055043634
610,334.17979575916854,82.14516788657521,237.25239074731417,176.42264574446244,59.99999986247503,259.9999999999997,-5.002220859751105e-12,1355485.8588041167
620,334.1837911621047,82.13564591858253,237.25585785042102,176.42470516901335,59.99999989987357,259.9999999999997,-5.229594535194337e-12,1355485.6759424966
630,334.1875207856043,82.12675911043182,237.25909305664118,176.42662712021522,59.99999992710231,259.9999999999997,-5.4569682106375694e-12,1355485.5055010722
640,334.1910028253829,82.11846375550958,237.2621124019889,176.4284210701866,59.999999946926586,259.9999999999997,-5.6843418860808015e-12,1355485.3465965888
650,334.19425416655827,82.11071932359113,237.26493074728538,176.4300958011997,59.99999996135988,259.9999999999997,-5.9117155615240335e-12,1355485.1984136917
660,334.1972904861309,82.1034882088982,237.26756187254162,176.43165946055524,59.99999997186816,259.9999999999997,-6.139089236967266e-12,1355485.060199051
670,334.20012634646747,82.09673550071801,237.27001856275956,176.43311961052999,59.99999997951875,259.9999999999997,-6.59383658785373e-12,1355484.9312560814
680,334.20277528069386,82.0904287742597,237.27231268604714,176.43448327390408,59.99999998508878,259.9999999999997,-6.821210263296962e-12,1355484.810940184
690,334.2052498707961,82.08453789969823,237.27445526483794,176.43575697551702,59.99999998914403,259.9999999999997,-7.048583938740194e-12,1355484.6986544437
700,334.20756181914203,82.07903486759277,237.27645654091316,176.4369467802487,59.99999999209644,259.9999999999997,-7.275957614183426e-12,1355484.5938457432
710,334.209722014053,82.07389362907408,237.27832603484308,176.4380583277767,59.999999994245925,259.9999999999997,-7.503331289626658e-12,1355484.4960012315
720,334.21174058998935,82.06908994937508,237.28007260039507,176.4390968644222,59.99999999581084,259.9999999999997,-7.73070496506989e-12,1355484.4046451226
730,334.2136269828494,82.06460127343688,237.28170447439427,176.4400672723616,59.999999996950166,259.9999999999997,-7.958078640513122e-12,1355484.3193357773
740,334.21538998083236,82.0604066024598,237.28322932246886,176.44097409645147,59.99999999777962,259.9999999999997,-8.185452315956354e-12,1355484.2396630489
750,334.21703777126487,82.0564863803908,237.28465428106568,176.4418215688872,59.999999998383494,259.9999999999997,-8.185452315956354e-12,1355484.1652458573
760,334.2185779837507,82.05282238944393,237.28598599608054,176.44261363189332,59.99999999882314,259.9999999999997,-8.640199666842818e-12,1355484.095729973
770,334.22001772996936,82.04939765384607,237.28723065841046,176.44335395862228,59.99999999914321,259.9999999999997,-8.86757334228605e-12,1355484.0307859904
780,334.2213636404106,82.04619635108035,237.2883940367042,176.44404597241976,59.99999999937624,259.9999999999997,-9.094947017729282e-12,1355483.97010747
790,334.22262189831093,82.04320372997526,237.28948150755852,176.44469286460026,59.99999999954589,259.9999999999997,-9.322320693172514e-12,1355483.9134092326
800,334.22379827102645,82.04040603505064,237.2904980833833,176.44529761086088,59.999999999669406,259.9999999999997,-9.549694368615746e-12,1355483.8604257961
810,334.2248981390561,82.03779043658987,237.29144843813566,176.44586298644955,59.99999999975932,259.9999999999997,-9.777068044058979e-12,1355483.8109099353
820,334.22592652291064,82.0353449659588,237.29233693110422,176.44639158019183,59.999999999824766,259.9999999999997,-1.000444171950221e-11,1355483.7646313577
830,334.22688810800145,82.0330584557368,237.2931676289075,176.44688580747186,59.99999999987243,259.9999999999997,-1.0231815394945443e-11,1355483.7213754866
840,334.22778726770923,82.03092048426714,237.29394432585352,176.44734792225273,59.999999999907125,259.9999999999997,-1.0459189070388675e-11,1355483.6809423321
850,334.2286280847782,82.02892132426881,237.29467056279572,176.44778002821434,59.999999999932385,259.9999999999997,-1.0913936421275139e-11,1355483.6431454578
860,334.2294143711674,82.02705189518551,237.2953496446062,176.44818408907935,59.999999999950774,259.9999999999997,-1.0913936421275139e-11,1355483.6078110207
870,334.23014968647936,82.02530371897603,237.29598465637747,176.448561938192,59.99999999996417,259.9999999999997,-1.1141310096718371e-11,1355483.5747768846
880,334.23083735507714,82.02366887907677,237.29657847845272,176.4489152874084,59.99999999997391,259.9999999999997,-1.1368683772161603e-11,1355483.5438918045
890,334.23148048198857,82.02213998229037,237.2971338003775,176.44924573535124,59.99999999998101,259.9999999999997,-1.1596057447604835e-11,1355483.5150146647
900,334.2320819676923,82.02071012337609,237.29765313385522,176.44955477507864,59.99999999998618,259.9999999999997,-1.1823431123048067e-11,1355483.48801378
910,334.23264452186646,82.0193728521361,237.29813882478408,176.4498438012115,59.999999999989946,259.9999999999997,-1.2278178473934531e-11,1355483.4627662436
920,334.23317067618063,82.0181221428096,237.29859306444484,176.45011411656006,59.999999999992674,259.9999999999997,-1.2505552149377763e-11,1355483.4391573255
930,334.2336627961992,82.01695236560252,237.2990178999036,176.45036693828754,59.999999999994664,259.9999999999997,-1.2732925824820995e-11,1355483.4170799113
940,334.234123092464,82.01585826019374,237.2994152436883,176.45060340364512,59.99999999999611,259.9999999999997,-1.2960299500264227e-11,1355483.3964339844
950,334.2345536308136,82.01483491107302,237.29978688279317,176.45082457531015,59.99999999999718,259.9999999999997,-1.318767317570746e-11,1355483.3771261433
960,334.2349563419961,82.01387772457645,237.3001344870603,176.45103144635604,59.99999999999795,259.9999999999997,-1.3415046851150692e-11,1355483.3590691532
970,334.2353330306265,82.01298240749627,237.30045961698409,176.45122494488132,59.9999999999985,259.9999999999997,-1.3642420526593924e-11,1355483.3421815315
980,334.23568538353396,82.01214494715178,237.30076373097992,176.45140593832193,59.999999999998906,259.9999999999997,-1.3869794202037156e-11,1355483.326387158
990,334.2360149775435,82.01136159281647,237.30104819215697,176.45157523747,59.999999999999204,259.9999999999997,-1.4097167877480388e-11,1355483.311614917
1000,334.23632328673267,82.01062883840498,237.3013142746292,176.45173360021948,59.99999999999942,259.9999999999997,-1.4551915228366852e-11,1355483.2977983616
1010,334.2366116891985,82.00994340633072,237.30156316939852,176.45188173505824,59.99999999999957,259.9999999999997,-1.4779288903810084e-11,1355483.2848754025
1020,334.2368814733697,82.00930223245157,237.30179598983963,176.45202030432483,59.99999999999969,259.9999999999997,-1.4779288903810084e-11,1355483.2727880161
1030,334.23713384389634,82.0087024520278,237.30201377681541,176.45214992724576,59.99999999999976,259.9999999999997,-1.5234036254696548e-11,1355483.2614819747
1040,334.23736992714623,82.00814138662139,237.30221750344813,176.45227118276918,59.99999999999983,259.9999999999997,-1.546140993013978e-11,1355483.250906596
1050,334.2375907763336,82.00761653187134,237.30240807957057,176.45238461220907,59.999999999999886,259.9999999999997,-1.5916157281026244e-11,1355483.2410145064
1060,334.23779737630736,82.00712554608495,237.3025863558795,176.45249072171234,59.999999999999886,259.9999999999997,-1.6370904631912708e-11,1355483.2317614234
1070,334.23799064802114,82.00666623958855,237.30275312781203,176.4525899845621,59.999999999999886,259.9999999999997,-1.659827830735594e-11,1355483.2231059514
1080,334.238171452707,82.00623656478567,237.30290913916355,176.4526828433275,59.999999999999886,259.9999999999997,-1.6825651982799172e-11,1355483.2150093901
1090,334.23834059577257,82.00583460687449,237.3030550854653,176.45276971187107,59.999999999999886,259.9999999999997,-1.7053025658242404e-11,1355483.2074355592
1100,334.23849883044204,82.00545857517989,237.30319161713834,176.4528509772229,59.999999999999886,259.9999999999997,-1.7280399333685637e-11,1355483.200350631
1110,334.23864686115536,82.00510679505807,237.30331934243821,176.45292700133135,59.999999999999886,259.9999999999997,-1.750777300912887e-11,1355483.1937229773
1120,334.2387853467449,82.0047777003351,237.303438830205,176.45299812269775,59.999999999999886,259.9999999999997,-1.77351466845721e-11,1355483.1875230244
1130,334.2389149034026,82.00446982624382,237.30355061243247,176.45306465790358,59.999999999999886,259.9999999999997,-1.7962520360015333e-11,1355483.1817231185
1140,334.2390361074526,82.00418180282517,237.3036551866673,176.4531269030371,59.999999999999886,259.9999999999997,-1.8189894035458565e-11,1355483.1762974006
1150,334.23914949794147,82.003912348763,237.30375301825094,176.45318513502642,59.999999999999886,259.9999999999997,-1.864464138634503e-11,1355483.1712216893
1160,334.23925557905955,82.00366026562334,237.30384454241388,176.45323961288483,59.999999999999886,259.9999999999997,-1.887201506178826e-11,1355483.1664733705
1170,334.239354822403,82.0034244324712,237.3039301662327,176.45329057887446,59.999999999999886,259.9999999999997,-1.9099388737231493e-11,1355483.1620312962
1180,334.2394476690886,82.0032038008398,237.30401027045886,176.45333825959392,59.999999999999886,259.9999999999997,-1.9326762412674725e-11,1355483.1578756873
1190,334.2395345317299,82.00299739002861,237.30408521122746,176.45338286699487,59.999999999999886,259.9999999999997,-1.9554136088117957e-11,1355483.1539880466
1200,334.2396157962851,82.00280428270872,237.30415532165475,176.4534245993319,59.999999999999886,259.9999999999997,-2.000888343900442e-11,1355483.1503510734
1210,334.2396918237838,82.0026236208149,237.30422091333085,176.45346364205065,59.999999999999886,259.9999999999997,-2.0236257114447653e-11,1355483.1469485874
1220,334.2397629519414,82.00245460170567,237.3042822777153,176.45350016861767,59.999999999999886,259.9999999999997,-2.0463630789890885e-11,1355483.1437654544
1230,334.23982949666845,82.0022964745735,237.30433968744128,176.45353434129652,59.999999999999886,259.9999999999997,-2.0691004465334117e-11,1355483.1407875188
1240,334.2398917534823,82.00214853708877,237.30439339753516,176.4535663118733,59.999999999999886,259.9999999999997,-2.091837814077735e-11,1355483.1380015411
1250,334.2399499988258,82.00201013226216,237.30444364655662,176.4535962223346,59.999999999999886,259.9999999999997,-2.114575181622058e-11,1355483.1353951364
1260,334.24000449130176,82.00188064551095,237.3044906576644,176.45362420550188,59.999999999999886,259.9999999999997,-2.1373125491663814e-11,1355483.1329567214
1270,334.24005547282593,82.00175950191601,237.30453463961257,176.4536503856242,59.999999999999886,259.9999999999997,-2.1600499167107046e-11,1355483.1306754602
1280,334.24010316970606,82.00164616365697,237.30457578768272,176.4536748789327,59.999999999999886,259.9999999999997,-2.1827872842550278e-11,1355483.1285412172
1290,334.24014779365046,82.0015401276138,237.30461428455493,176.45369779415893,59.999999999999886,259.9999999999997,-2.2282620193436742e-11,1355483.1265445114
1300,334.24018954271156,82.00144092312412,237.30465030112254,176.45371923301954,59.999999999999886,259.9999999999997,-2.2737367544323206e-11,1355483.124676474
1310,334.2402286021679,82.00134810988583,237.30468399725393,176.45373929066986,59.999999999999886,259.9999999999997,-2.2964741219766438e-11,1355483.122928809
1320,334.2402651453491,82.00126127599574,237.30471552250498,176.45375805612736,59.999999999999886,259.9999999999997,-2.319211489520967e-11,1355483.121293755
1330,334.2402993344076,82.00118003611533,237.30474501678543,176.4537756126686,59.999999999999886,259.9999999999997,-2.3419488570652902e-11,1355483.1197640533
1340,334.24033132104034,82.00110402975508,237.30477261098156,176.4537920381997,59.999999999999886,259.9999999999997,-2.3646862246096134e-11,1355483.1183329117
1350,334.2403612471636,82.00103291967024,237.3047984275394,176.45380740560321,59.999999999999886,259.9999999999997,-2.3874235921539366e-11,1355483.116993977
1360,334.2403892455444,82.00096639036009,237.30482258100932,176.4538217830623,59.999999999999886,259.9999999999997,-2.432898327242583e-11,1355483.1157413062
1370,334.24041544039085,82.00090414666465,237.30484517855595,176.45383523436442,59.999999999999886,259.9999999999997,-2.4556356947869062e-11,1355483.1145693394
1380,334.2404399479044,82.00084591245171,237.3048663204349,176.4538478191846,59.999999999999886,259.9999999999997,-2.4783730623312294e-11,1355483.1134728752
1390,334.2404628767965,82.00079142938921,237.3048861004386,176.45385959335107,59.999999999999886,259.9999999999997,-2.5011104298755527e-11,1355483.112447048
1400,334.2404843287717,82.00074045579662,237.30490460631339,176.4538706090934,59.999999999999886,259.9999999999997,-2.523847797419876e-11,1355483.1114873053
1410,334.24050439897985,82.00069276557089,237.30492192014955,176.45388091527468,59.999999999999886,259.9999999999997,-2.546585164964199e-11,1355483.1105893892
1420,334.2405231764383,82.00064814718144,237.30493811874624,176.4538905576087,59.999999999999886,259.9999999999997,-2.5693225325085223e-11,1355483.1097493153
1430,334.24054074442813,82.00060640273037,237.30495327395283,176.453899578863,59.999999999999886,259.9999999999997,-2.6147972675971687e-11,1355483.1089633566
1440,334.2405571808635,82.00056734707329,237.30496745298828,176.453908019049,59.999999999999886,259.9999999999997,-2.637534635141492e-11,1355483.1082280262
1450,334.240572558638,82.00053080699679,237.30498071873947,176.45391591559962,59.999999999999886,259.9999999999997,-2.660272002685815e-11,1355483.1075400624
1460,334.24058694594805,82.00049662044925,237.30499313004063,176.45392330353562,59.999999999999886,259.9999999999997,-2.6830093702301383e-11,1355483.1068964133
1470,334.24060040659606,82.00046463582109,237.3050047419349,176.4539302156211,59.999999999999886,259.9999999999997,-2.7284841053187847e-11,1355483.1062942233
1480,334.2406130002736,82.00043471127157,237.3050156059186,176.45393668250907,59.999999999999886,259.9999999999997,-2.751221472863108e-11,1355483.105730822
1490,334.2406247828261,82.00040671409911,237.3050257701699,176.4539427328774,59.999999999999886,259.9999999999997,-2.7966962079517543e-11,1355483.1052037105
1500,334.2406358065013,82.00038052015206,237.30503527976262,176.4539483935563,59.999999999999886,259.9999999999997,-2.8194335754960775e-11,1355483.1047105507
1510,334.2406461201806,82.00035601327764,237.3050441768666,176.45395368964722,59.999999999999886,259.9999999999997,-2.8421709430404007e-11,1355483.1042491556
1520,334.24065576959606,82.00033308480641,237.30505250093464,176.45395864463458,59.999999999999886,259.9999999999997,-2.864908310584724e-11,1355483.1038174788
1530,334.24066479753407,82.00031163306988,237.30506028887783,176.45396328048957,59.999999999999886,259.9999999999997,-2.9103830456733704e-11,1355483.1034136056
1540,334.24067324402444,82.00029156294947,237.30506757522915,176.45396761776817,59.999999999999886,259.9999999999997,-2.9103830456733704e-11,1355483.1030357457
1550,334.24068114651794,82.00027278545423,237.30507439229703,176.4539716757019,59.999999999999886,259.9999999999997,-2.9331204132176936e-11,1355483.102682223
1560,334.2406885400531,82.000255217326,237.30508077030828,176.45397547228345,59.999999999999886,259.9999999999997,-2.955857780762017e-11,1355483.1023514695
1570,334.24069545741133,82.0002387806701,237.30508673754258,176.45397902434644,59.999999999999886,259.9999999999997,-3.001332515850663e-11,1355483.102042019
1580,334.24070192926234,82.00022340260968,237.305092320458,176.45398234764014,59.999999999999886,259.9999999999997,-3.0240698833949864e-11,1355483.101752499
1590,334.24070798430034,82.0002090149623,237.30509754380805,176.45398545689915,59.999999999999886,259.9999999999997,-3.0468072509393096e-11,1355483.1014816258
1600,334.2407136493711,82.00019555393762,237.3051024307518,176.45398836590905,59.999999999999886,259.9999999999997,-3.092281986027956e-11,1355483.1012281985
1610,334.24071894959104,82.0001829598543,237.30510700295645,176.45399108756737,59.999999999999886,259.9999999999997,-3.115019353572279e-11,1355483.100991093
1620,334.24072390845913,82.00017117687528,237.30511128069358,176.45399363394097,59.999999999999886,259.9999999999997,-3.1377567211166024e-11,1355483.100769259
1630,334.24072854796026,82.00016015276019,237.30511528292897,176.45399601631925,59.999999999999886,259.9999999999997,-3.183231456205249e-11,1355483.1005617117
1640,334.2407328886636,82.0001498386335,237.30511902740665,176.4539982452646,59.999999999999886,259.9999999999997,-3.205968823749572e-11,1355483.1003675314
1650,334.2407369498133,82.00014018876793,237.3051225307278,176.45400033065894,59.999999999999886,259.9999999999997,-3.2514435588382185e-11,1355483.100185857
1660,334.240740749414,82.0001311603814,237.30512580842438,176.45400228174782,59.999999999999886,259.9999999999997,-3.2741809263825417e-11,1355483.100015883
1670,334.24074430431074,82.00012271344754,237.30512887502783,176.45400410718113,59.999999999999886,259.9999999999997,-3.319655661471188e-11,1355483.0998568563
1680,334.2407476302636,82.00011481051797,237.30513174413363,176.4540058150518,59.999999999999886,259.9999999999997,-3.342393029015511e-11,1355483.0997080717
1690,334.2407507420175,82.00010741655636,237.30513442846154,176.45400741293133,59.999999999999886,259.9999999999997,-3.3651303965598345e-11,1355483.099568869
1700,334.2407536533676,82.00010049878297,237.30513693991222,176.45400890790364,59.999999999999886,259.9999999999997,-3.387867764104158e-11,1355483.0994386314
1710,334.2407563772208,82.00009402652938,237.30513928961958,176.4540103065964,59.999999999999886,259.9999999999997,-3.433342499192804e-11,1355483.0993167816
1720,334.2407589256525,82.00008797110245,237.30514148800057,176.4540116152104,59.999999999999886,259.9999999999997,-3.456079866737127e-11,1355483.0992027794
1730,334.24076130996036,82.00008230565703,237.30514354480115,176.45401283954695,59.999999999999886,259.9999999999997,-3.501554601825774e-11,1355483.0990961187
1740,334.2407635407146,82.00007700507697,237.30514546913975,176.45401398503395,59.999999999999886,259.9999999999997,-3.501554601825774e-11,1355483.0989963275
1750,334.2407656278045,82.0000720458638,237.30514726954726,176.45401505674945,59.999999999999886,259.9999999999997,-3.54702933691442e-11,1355483.098902963
1760,334.2407675804824,82.00006740603243,237.30514895400526,176.45401605944463,59.999999999999886,259.9999999999997,-3.5697667044587433e-11,1355483.0988156116
1770,334.2407694074048,82.00006306501379,237.3051505299813,176.45401699756457,59.999999999999886,259.9999999999997,-3.5925040720030665e-11,1355483.0987338857
1780,334.2407711166707,82.00005900356352,237.30515200446183,176.45401787526805,59.999999999999886,259.9999999999997,-3.637978807091713e-11,1355483.098657423
1790,334.2407727158575,82.00005520367671,237.30515338398354,176.45401869644616,59.999999999999886,259.9999999999997,-3.660716174636036e-11,1355483.0985858848
1800,334.24077421205436,82.00005164850802,237.30515467466196,176.45401946473913,59.999999999999886,259.9999999999997,-3.6834535421803594e-11,1355483.0985189534
1810,334.2407756118943,82.00004832229706,237.30515588221883,176.45402018355304,59.999999999999886,259.9999999999997,-3.7061909097246826e-11,1355483.0984563327
1820,334.2407769215829,82.00004521029841,237.30515701200738,176.45402085607435,59.999999999999886,259.9999999999997,-3.728928277269006e-11,1355483.098397745
1830,334.2407781469258,82.0000422987164,237.30515806903608,176.45402148528447,59.999999999999886,259.9999999999997,-3.774403012357652e-11,1355483.0983429302
1840,334.2407792933552,82.0000395746438,237.30515905799075,176.45402207397262,59.999999999999886,259.9999999999997,-3.7971403799019754e-11,1355483.0982916455
1850,334.24078036595336,82.0000370260046,237.30515998325555,176.45402262474855,59.999999999999886,259.9999999999997,-3.842615114990622e-11,1355483.0982436636
1860,334.24078136947503,82.00003464150065,237.3051608489322,176.45402314005398,59.999999999999886,259.9999999999997,-3.865352482534945e-11,1355483.098198772
1870,334.24078230836886,82.00003241056129,237.30516165885825,176.45402362217308,59.999999999999886,259.9999999999997,-3.888089850079268e-11,1355483.0981567712
1880,334.24078318679693,82.00003032329676,237.30516241662428,176.45402407324323,59.999999999999886,259.9999999999997,-3.9108272176235914e-11,1355483.0981174754
1890,334.2407840086534,82.00002837045415,237.30516312558936,176.454024495264,59.999999999999886,259.9999999999997,-3.956301952712238e-11,1355483.0980807103
1900,334.24078477758155,82.00002654337648,237.30516378889635,176.45402489010624,59.999999999999886,259.9999999999997,-3.979039320256561e-11,1355483.0980463128
1910,334.2407854969901,82.00002483396433,237.30516440948574,176.45402525952022,59.999999999999886,259.9999999999997,-4.001776687800884e-11,1355483.0980141307
1920,334.2407861700681,82.00002323463985,237.30516499010855,176.45402560514364,59.999999999999886,259.9999999999997,-4.0245140553452075e-11,1355483.097984021
1930,334.2407867997992,82.0000217383133,237.30516553333874,176.4540259285086,59.999999999999886,259.9999999999997,-4.0472514228895307e-11,1355483.0979558502
1940,334.2407873889751,82.00002033835148,237.30516604158444,176.4540262310486,59.999999999999886,259.9999999999997,-4.069988790433854e-11,1355483.097929494
1950,334.24078794020767,82.00001902854835,237.30516651709866,176.45402651410473,59.999999999999886,259.9999999999997,-4.092726157978177e-11,1355483.097904835
1960,334.2407884559403,82.00001780309762,237.3051669619893,176.45402677893176,59.999999999999886,259.9999999999997,-4.1382008930668235e-11,1355483.0978817637
1970,334.24078893845933,82.00001665656687,237.3051673782286,176.45402702670376,59.999999999999886,259.9999999999997,-4.18367562815547e-11,1355483.0978601782
1980,334.2407893899039,82.00001558387358,237.30516776766183,176.454027258519,59.999999999999886,259.9999999999997,-4.206412995699793e-11,1355483.0978399832
1990,334.24078981227507,82.00001458026257,237.30516813201524,176.4540274754052,59.999999999999886,259.9999999999997,-4.229150363244116e-11,1355483.0978210885
2000,334.24079020744523,82.00001364128484,237.305168472904,176.4540276783238,59.999999999999886,259.9999999999997,-4.2518877307884395e-11,1355483.0978034108
2010,334.24079057716614,82.00001276277793,237.30516879183932,176.45402786817422,59.999999999999886,259.9999999999997,-4.274625098332763e-11,1355483.0977868715
2020,334.24079092307676,82.0000119408475,237.30516909023487,176.4540280457982,59.999999999999886,259.9999999999997,-4.297362465877086e-11,1355483.097771397
2030,334.24079124671044,82.00001117184995,237.30516936941362,176.4540282119831,59.999999999999886,259.9999999999997,-4.320099833421409e-11,1355483.0977569195
2040,334.2407915495019,82.00001045237636,237.305169630613,176.45402836746553,59.999999999999886,259.9999999999997,-4.3655745685100555e-11,1355483.097743374
2050,334.2407918327935,82.00000977923735,237.30516987499098,176.4540285129347,59.999999999999886,259.9999999999997,-4.388311936054379e-11,1355483.097730701
2060,334.24079209784077,82.00000914944891,237.30517010363081,176.45402864903565,59.999999999999886,259.9999999999997,-4.433786671143025e-11,1355483.097718844
2070,334.2407923458188,82.00000856021927,237.3051703175461,176.4540287763716,59.999999999999886,259.9999999999997,-4.4565240386873484e-11,1355483.0977077503
2080,334.24079257782705,82.00000800893639,237.30517051768513,176.45402889550698,59.999999999999886,259.9999999999997,-4.4792614062316716e-11,1355483.0976973716
2090,334.24079279489376,82.00000749315647,237.30517070493505,176.45402900697,59.999999999999886,259.9999999999997,-4.501998773775995e-11,1355483.097687661
2100,334.2407929979812,82.00000701059311,237.30517088012596,176.45402911125473,59.999999999999886,259.9999999999997,-4.547473508864641e-11,1355483.0976785757
2110,334.2407931879897,82.0000065591071,237.30517104403447,176.45402920882344,59.999999999999886,259.9999999999997,-4.5702108764089644e-11,1355483.0976700755
2120,334.2407933657616,82.00000613669707,237.3051711973872,176.45402930010872,59.999999999999886,259.9999999999997,-4.5929482439532876e-11,1355483.097662123
2130,334.24079353208475,82.00000574149047,237.30517134086386,176.45402938551513,59.999999999999886,259.9999999999997,-4.615685611497611e-11,1355483.097654682
2140,334.2407936876966,82.00000537173543,237.3051714751005,176.45402946542129,59.999999999999886,259.9999999999997,-4.661160346586257e-11,1355483.0976477202
2150,334.24079383328694,82.0000050257928,237.30517160069226,176.45402954018144,59.999999999999886,259.9999999999997,-4.6838977141305804e-11,1355483.097641207
2160,334.2407939695012,82.00000470212909,237.30517171819585,176.45402961012698,59.999999999999886,259.9999999999997,-4.729372449219227e-11,1355483.0976351132
2170,334.24079409694326,82.00000439930953,237.3051718281321,176.45402967556802,59.999999999999886,259.9999999999997,-4.75210981676355e-11,1355483.0976294118
2180,334.2407942161779,82.0000041159917,237.3051719309884,176.4540297367946,59.999999999999886,259.9999999999997,-4.774847184307873e-11,1355483.0976240775
2190,334.2407943277338,82.0000038509197,237.3051720272207,176.4540297940782,59.999999999999886,259.9999999999997,-4.7975845518521965e-11,1355483.097619087
2200,334.2407944321053,82.00000360291847,237.30517211725558,176.45402984767262,59.999999999999886,259.9999999999997,-4.843059286940843e-11,1355483.0976144173
2210,334.24079452975536,82.00000337088866,237.30517220149218,176.45402989781556,59.999999999999886,259.9999999999997,-4.865796654485166e-11,1355483.097610049
2220,334.2407946211167,82.00000315380169,237.30517228030388,176.45402994472929,59.999999999999886,259.9999999999997,-4.888534022029489e-11,1355483.0976059616
2230,334.2407947065942,82.00000295069526,237.30517235404008,176.45402998862173,59.999999999999886,259.9999999999997,-4.9112713895738125e-11,1355483.0976021374
2240,334.24079478656694,82.00000276066899,237.30517242302756,176.4540300296875,59.999999999999886,259.9999999999997,-4.934008757118136e-11,1355483.0975985595
2250,334.2407948613894,82.00000258288051,237.3051724875722,176.45403006810855,59.999999999999886,259.9999999999997,-4.979483492206782e-11,1355483.097595212
2260,334.2407949313932,82.00000241654169,237.30517254796015,176.45403010405525,59.999999999999886,259.9999999999997,-5.002220859751105e-11,1355483.0975920798
2270,334.2407949968887,82.0000022609152,237.30517260445905,176.454030137687,59.999999999999886,259.9999999999997,-5.047695594839752e-11,1355483.0975891496
2280,334.2407950581663,82.00000211531112,237.3051726573194,176.45403016915282,59.999999999999886,259.9999999999997,-5.070432962384075e-11,1355483.0975864078
2290,334.24079511549763,82.000001979084,237.30517270677552,176.45403019859228,59.999999999999886,259.9999999999997,-5.093170329928398e-11,1355483.097583843
2300,334.24079516913673,82.00000185163,237.30517275304666,176.45403022613576,59.999999999999886,259.9999999999997,-5.1159076974727213e-11,1355483.097581443
2310,334.24079521932146,82.0000017323841,237.3051727963379,176.45403025190544,59.999999999999886,259.9999999999997,-5.1386450650170445e-11,1355483.0975791975
2320,334.24079526627423,82.0000016208177,237.3051728368411,176.45403027601552,59.999999999999886,259.9999999999997,-5.184119800105691e-11,1355483.0975770967
2330,334.24079531020317,82.00000151643621,237.30517287473594,176.45403029857292,59.999999999999886,259.9999999999997,-5.206857167650014e-11,1355483.097575131
2340,334.2407953513031,82.00000141877698,237.30517291019032,176.4540303196776,59.999999999999886,259.9999999999997,-5.2295945351943374e-11,1355483.0975732922
2350,334.24079538975616,82.00000132740705,237.30517294336138,176.4540303394231,59.999999999999886,259.9999999999997,-5.275069270282984e-11,1355483.0975715714
2360,334.24079542573287,82.00000124192138,237.30517297439619,176.454030357897,59.999999999999886,259.9999999999997,-5.297806637827307e-11,1355483.0975699618
2370,334.2407954593926,82.00000116194101,237.30517300343232,176.4540303751812,59.999999999999886,259.9999999999997,-5.32054400537163e-11,1355483.0975684554
2380,334.24079549088464,82.00000108711146,237.30517303059855,176.4540303913522,59.999999999999886,259.9999999999997,-5.3660187404602766e-11,1355483.0975670463
2390,334.2407955203485,82.00000101710096,237.30517305601526,176.45403040648182,59.999999999999886,259.9999999999997,-5.3887561080046e-11,1355483.0975657278
2400,334.2407955479149,82.00000095159916,237.30517307979508,176.45403042063708,59.999999999999886,259.9999999999997,-5.411493475548923e-11,1355483.0975644942
2410,334.2407955737059,82.0000008903157,237.30517310204345,176.45403043388072,59.999999999999886,259.9999999999997,-5.4569682106375694e-11,1355483.0975633396
2420,334.2407955978361,82.00000083297894,237.305173122859,176.45403044627142,59.999999999999886,259.9999999999997,-5.502442945726216e-11,1355483.0975622598
2430,334.2407956204123,82.00000077933468,237.305173142334,176.45403045786423,59.999999999999886,259.9999999999997,-5.525180313270539e-11,1355483.0975612497
2440,334.24079564153453,82.00000072914513,237.30517316055483,176.45403046871047,59.999999999999886,259.9999999999997,-5.547917680814862e-11,1355483.0975603042
2450,334.2407956612965,82.00000068218782,237.30517317760228,176.45403047885816,59.999999999999886,259.9999999999997,-5.5706550483591855e-11,1355483.09755942
2460,334.2407956797858,82.00000063825459,237.3051731935518,176.45403048835232,59.999999999999886,259.9999999999997,-5.5933924159035087e-11,1355483.0975585924
2470,334.24079569708425,82.0000005971507,237.3051732084742,176.45403049723507,59.999999999999886,259.9999999999997,-5.616129783447832e-11,1355483.097557818
2480,334.2407957132687,82.00000055869391,237.30517322243557,176.45403050554575,59.999999999999886,259.9999999999997,-5.638867150992155e-11,1355483.0975570937
2490,334.2407957284109,82.00000052271373,237.30517323549776,176.4540305133212,59.999999999999886,259.9999999999997,-5.6843418860808015e-11,1355483.0975564157
2500,334.2407957425778,82.0000004890507,237.30517324771873,176.45403052059592,59.999999999999886,259.9999999999997,-5.729816621169448e-11,1355483.0975557815
2510,334.2407957558325,82.00000045755561,237.3051732591527,176.45403052740213,59.999999999999886,259.9999999999997,-5.752553988713771e-11,1355483.097555188
2520,334.24079576823345,82.00000042808881,237.3051732698503,176.45403053376998,59.999999999999886,259.9999999999997,-5.775291356258094e-11,1355483.0975546327
2530,334.2407957798359,82.00000040051967,237.30517327985893,176.45403053972777,59.999999999999886,259.9999999999997,-5.820766091346741e-11,1355483.0975541133
2540,334.24079579069115,82.000000374726,237.3051732892231,176.4540305453019,59.999999999999886,259.9999999999997,-5.820766091346741e-11,1355483.0975536276
2550,334.2407958008472,82.00000035059345,237.30517329798414,176.45403055051702,59.999999999999886,259.9999999999997,-5.866240826435387e-11,1355483.0975531726
2560,334.2407958103492,82.00000032801506,237.305173306181,176.4540305553963,59.999999999999886,259.9999999999997,-5.88897819397971e-11,1355483.0975527472
2570,334.2407958192393,82.00000030689075,237.30517331384988,176.45403055996127,59.999999999999886,259.9999999999997,-5.911715561524034e-11,1355483.0975523489
2580,334.24079582755684,82.00000028712684,237.3051733210249,176.45403056423234,59.999999999999886,259.9999999999997,-5.95719029661268e-11,1355483.0975519763
2590,334.2407958353387,82.00000026863572,237.30517332773786,176.45403056822826,59.999999999999886,259.9999999999997,-5.979927664157003e-11,1355483.0975516278
2600,334.24079584261943,82.00000025133544,237.3051733340185,176.45403057196694,59.999999999999886,259.9999999999997,-6.002665031701326e-11,1355483.0975513016
2610,334.24079584943127,82.00000023514932,237.30517333989465,176.45403057546483,59.999999999999886,259.9999999999997,-6.02540239924565e-11,1355483.0975509966
2620,334.24079585580444,82.00000022000559,237.30517334539238,176.45403057873742,59.999999999999886,259.9999999999997,-6.048139766789973e-11,1355483.0975507111
2630,334.24079586176714,82.00000020583713,237.30517335053608,176.45403058179926,59.999999999999886,259.9999999999997,-6.070877134334296e-11,1355483.0975504438
2640,334.24079586734587,82.00000019258111,237.30517335534847,176.4540305846639,59.999999999999886,259.9999999999997,-6.093614501878619e-11,1355483.097550194
2650,334.2407958725653,82.00000018017879,237.30517335985095,176.45403058734408,59.999999999999886,259.9999999999997,-6.139089236967266e-11,1355483.0975499603
2660,334.24079587744853,82.00000016857518,237.30517336406348,176.4540305898516,59.999999999999886,259.9999999999997,-6.161826604511589e-11,1355483.0975497412
2670,334.24079588201727,82.00000015771886,237.30517336800466,176.45403059219765,59.999999999999886,259.9999999999997,-6.184563972055912e-11,1355483.0975495363
2680,334.24079588629183,82.00000014756168,237.30517337169206,176.4540305943926,59.999999999999886,259.9999999999997,-6.230038707144558e-11,1355483.0975493446
2690,334.24079589029105,82.00000013805865,237.30517337514198,176.4540305964462,59.999999999999886,259.9999999999997,-6.252776074688882e-11,1355483.0975491654
2700,334.2407958940327,82.00000012916763,237.3051733783697,176.45403059836752,59.999999999999886,259.9999999999997,-6.275513442233205e-11,1355483.0975489975
2710,334.2407958975335,82.00000012084918,237.3051733813896,176.45403060016517,59.999999999999886,259.9999999999997,-6.298250809777528e-11,1355483.0975488406
2720,334.2407959008088,82.00000011306645,237.30517338421495,176.45403060184705,59.999999999999886,259.9999999999997,-6.320988177321851e-11,1355483.0975486937
2730,334.24079590387316,82.0000001057849,237.3051733868584,176.4540306034206,59.999999999999886,259.9999999999997,-6.343725544866174e-11,1355483.0975485563
2740,334.2407959067401,82.00000009897232,237.30517338933154,176.45403060489278,59.999999999999886,259.9999999999997,-6.366462912410498e-11,1355483.0975484278
2750,334.2407959094224,82.00000009259847,237.3051733916454,176.45403060627012,59.999999999999886,259.9999999999997,-6.411937647499144e-11,1355483.0975483072
2760,334.24079591193185,82.00000008663507,237.30517339381026,176.45403060755876,59.999999999999886,259.9999999999997,-6.434675015043467e-11,1355483.0975481942
2770,334.24079591427983,82.0000000810557,237.3051733958357,176.45403060876438,59.999999999999886,259.9999999999997,-6.480149750132114e-11,1355483.0975480885
2780,334.2407959164766,82.00000007583567,237.30517339773067,176.45403060989244,59.999999999999886,259.9999999999997,-6.502887117676437e-11,1355483.09754799
2790,334.24079591853183,82.00000007095181,237.30517339950367,176.45403061094783,59.999999999999886,259.9999999999997,-6.52562448522076e-11,1355483.0975478976
2800,334.2407959204547,82.00000006638247,237.30517340116245,176.4540306119352,59.999999999999886,259.9999999999997,-6.571099220309407e-11,1355483.097547811
2810,334.2407959222537,82.0000000621074,237.30517340271433,176.45403061285901,59.999999999999886,259.9999999999997,-6.59383658785373e-11,1355483.0975477302
2820,334.24079592393684,82.00000005810766,237.30517340416628,176.4540306137233,59.999999999999886,259.9999999999997,-6.639311322942376e-11,1355483.097547654
2830,334.2407959255116,82.00000005436549,237.30517340552478,176.45403061453192,59.999999999999886,259.9999999999997,-6.662048690486699e-11,1355483.0975475833
2840,334.240795926985,82.00000005086433,237.30517340679575,176.45403061528847,59.999999999999886,259.9999999999997,-6.684786058031023e-11,1355483.0975475172
2850,334.24079592836347,82.00000004758864,237.30517340798485,176.45403061599634,59.999999999999886,259.9999999999997,-6.707523425575346e-11,1355483.097547455
2860,334.24079592965313,82.0000000445239,237.30517340909742,176.4540306166586,59.999999999999886,259.9999999999997,-6.730260793119669e-11,1355483.0975473968
2870,334.24079593085975,82.00000004165653,237.30517341013828,176.4540306172782,59.999999999999886,259.9999999999997,-6.775735528208315e-11,1355483.0975473423
2880,334.2407959319886,82.00000003897384,237.30517341111212,176.45403061785788,59.999999999999886,259.9999999999997,-6.798472895752639e-11,1355483.0975472913
2890,334.2407959330448,82.00000003646392,237.30517341202324,176.45403061840022,59.999999999999886,259.9999999999997,-6.821210263296962e-11,1355483.0975472438
2900,334.2407959340329,82.00000003411563,237.3051734128757,176.45403061890764,59.999999999999886,259.9999999999997,-6.843947630841285e-11,1355483.097547199
2910,334.2407959349575,82.00000003191856,237.30517341367323,176.4540306193824,59.999999999999886,259.9999999999997,-6.866684998385608e-11,1355483.0975471572
2920,334.2407959358224,82.00000002986302,237.30517341441936,176.45403061982654,59.999999999999886,259.9999999999997,-6.912159733474255e-11,1355483.097547118
2930,334.2407959366317,82.00000002793983,237.30517341511742,176.4540306202421,59.999999999999886,259.9999999999997,-6.934897101018578e-11,1355483.0975470815
2940,334.2407959373887,82.0000000261405,237.3051734157706,176.45403062063085,59.999999999999886,259.9999999999997,-6.980371836107224e-11,1355483.097547047
2950,334.2407959380971,82.00000002445704,237.30517341638165,176.4540306209946,59.999999999999886,259.9999999999997,-7.003109203651547e-11,1355483.097547015
2960,334.2407959387598,82.000000022882,237.30517341695335,176.45403062133488,59.999999999999886,259.9999999999997,-7.048583938740194e-11,1355483.0975469847
2970,334.24079593937984,82.00000002140838,237.30517341748822,176.4540306216533,59.999999999999886,259.9999999999997,-7.071321306284517e-11,1355483.0975469565
2980,334.2407959399599,82.00000002002966,237.30517341798864,176.45403062195118,59.999999999999886,259.9999999999997,-7.09405867382884e-11,1355483.09754693
2990,334.24079594050266,82.00000001873974,237.30517341845683,176.4540306222299,59.999999999999886,259.9999999999997,-7.116796041373163e-11,1355483.0975469053
3000,334.2407959410104,82.0000000175329,237.30517341889484,176.45403062249062,59.999999999999886,259.9999999999997,-7.16227077646181e-11,1355483.097546882
