round,x_1,x_2,x_3,x_4,balance_error_kw,cost
0,150.0,300.0,100.0,250.0,0.0,1080825.24
10,314.5530437151073,131.03000559376568,175.53492497649157,178.88202571463535,-1.1368683772161603e-13,965756.6149191225
20,329.1155865806942,101.56653148130542,201.03561803735914,168.2822639006412,0.0,959453.7384132291
30,327.43943025201514,92.70839249139614,210.80104004904427,169.05113720754443,0.0,958122.6897930313
40,325.62384370236026,88.46299927722293,216.23230661371483,169.68085040670195,0.0,957597.8629176166
50,324.3011775689374,86.09081864964683,219.63776200472392,169.97024177669175,-1.1368683772161603e-13,957349.6124962016
60,323.34910270578035,84.65933726407224,221.89246333035746,170.09909669978992,0.0,957219.3617433147
70,322.65648198489606,83.75641573375891,223.43203942994876,170.15506285139628,0.0,957146.2697760914
80,322.148419298883,83.17141267516365,224.50348288792605,170.17668513802718,-1.1368683772161603e-13,957103.2883414866
90,321.7739013923908,82.78602158471475,225.25818795190034,170.18188907099417,1.1368683772161603e-13,957077.1384941611
100,321.4971547413966,82.52945077032682,225.7939085473806,170.17948594089603,1.1368683772161603e-13,957060.819553112
110,321.29250653473986,82.35749688381982,226.17605927354933,170.17393730789112,1.1368683772161603e-13,957050.4374864319
120,321.14123450747655,82.24176174523336,226.44950232415346,170.1675014231367,1.1368683772161603e-13,957043.7343541923
130,321.0295429401231,82.16365346598417,226.64552466629675,170.161278927596,0.0,957039.3572143978
140,320.94720435656774,82.1108480523001,226.78619391311688,170.15575367801532,0.0,957036.4739224828
150,320.8866139635775,82.07510972210189,226.88719234212735,170.15108397219336,1.1368683772161603e-13,957034.5618640503
160,320.8421123357281,82.05090565690529,226.9597191456008,170.14726286176582,0.0,957033.2873160222
170,320.8094901824449,82.0345062488968,227.01179677540065,170.14420679325764,0.0,957032.4343431396
180,320.78562134128566,82.02339194109106,227.04918279105118,170.1418039265722,1.1368683772161603e-13,957031.8617605077
190,320.76818865556623,82.01585828091513,227.0760135802261,170.13993948329264,1.1368683772161603e-13,957031.4764980443
200,320.7554784635866,82.01075122236809,227.09526228067546,170.13850803336996,1.1368683772161603e-13,957031.2168091233
210,320.746226385676,82.00728896420293,227.10906616997357,170.13741848014766,1.1368683772161603e-13,957031.0415236888
220,320.73950170902384,82.00494170388104,227.11896147639038,170.1365951107048,1.1368683772161603e-13,957030.9230849532
230,320.7346208826725,82.00335033843119,227.12605211129025,170.135976667606,0.0,957030.8429928467
240,320.7310829611211,82.00227143703383,227.1311310443816,170.13551455746355,1.1368683772161603e-13,957030.7887988322
250,320.72852156587464,82.00153997014104,227.13476765336526,170.1351708106191,0.0,957030.7521115494
260,320.72666924363364,82.00104405475969,227.13737059130713,170.13491611029963,1.1368683772161603e-13,957030.7272668255
270,320.72533109841356,82.0007078375503,227.1392330258625,170.1347280381738,1.1368683772161603e-13,957030.7104373575
280,320.7243653383917,82.0004798917732,227.1405651827055,170.1345895871298,2.2737367544323206e-13,957030.6990349629
290,320.72366896144615,82.00032535124765,227.1415177462638,170.13448794104258,2.2737367544323206e-13,957030.6913083389
300,320.7231672474548,82.00022057749499,227.14219867838082,170.13441349666962,2.2737367544323206e-13,957030.6860719104
310,320.7228060622636,82.0001495441953,227.1426853003223,170.13435909321905,2.2737367544323206e-13,957030.6825227975
320,320.7225462326101,82.00010138591624,227.14303296778496,170.1343194136889,2.2737367544323206e-13,957030.6801171375
330,320.7223594425267,82.0000687361928,227.14328129657707,170.13429052470357,1.1368683772161603e-13,957030.6784864479
340,320.7222252449147,82.0000466007752,227.14345862838067,170.13426952592968,2.2737367544323206e-13,957030.677381033
350,320.72212888872633,82.00003159371343,227.14358523262305,170.1342542849375,3.410605131648481e-13,957030.6766316696
360,320.72205974148625,82.00002141943968,227.143675601149,170.1342432379254,3.410605131648481e-13,957030.6761236631
370,320.7220101455862,82.0000145216331,227.1437400920425,170.13423524073858,3.410605131648481e-13,957030.6757792706
380,320.7219745901105,82.0000098451595,227.1437861067334,170.13422945799698,3.410605131648481e-13,957030.675545794
390,320.7219491118344,82.00000667467323,227.1438189325801,170.13422528091255,3.410605131648481e-13,957030.6753875096
400,320.7219308624388,82.0000045251943,227.1438423457827,170.13422226658454,3.410605131648481e-13,957030.675280201
410,320.72191779612655,82.00000306792282,227.14385904265302,170.13422009329793,3.410605131648481e-13,957030.6752074505
420,320.7219084443513,82.00000207994384,227.14387094800867,170.13421852769653,3.410605131648481e-13,957030.6751581291
430,320.7219017535024,82.00000141012879,227.14387943563395,170.13421740073542,5.684341886080801e-13,957030.6751246915
440,320.7218969680442,82.00000095601771,227.14388548583517,170.13421659010353,5.684341886080801e-13,957030.675102022
450,320.7218935464435,82.00000064814637,227.1438897980098,170.13421600740102,6.821210263296962e-13,957030.6750866531
460,320.72189110072514,82.00000043942043,227.14389287105308,170.134215588802,6.821210263296962e-13,957030.6750762333
470,320.7218893530442,82.0000002979116,227.1438950607782,170.13421528826663,6.821210263296962e-13,957030.6750691691
480,320.721888104502,82.00000020197356,227.14389662091145,170.1342150726137,6.821210263296962e-13,957030.67506438
490,320.72188721276626,82.00000013693096,227.14389773235513,170.13421491794836,6.821210263296962e-13,957030.6750611331
500,320.7218865760194,82.00000009283438,227.14389852407075,170.1342148070763,7.958078640513122e-13,957030.675058932
510,320.7218861214493,82.00000006293844,227.14389908797992,170.13421472763312,7.958078640513122e-13,957030.6750574395
520,320.7218857970026,82.00000004267005,227.14389948959442,170.13421467073383,9.094947017729282e-13,957030.675056428
530,320.72188556547667,82.00000002892881,227.14389977559824,170.13421462999716,9.094947017729282e-13,957030.6750557419
540,320.7218854002904,82.00000001961271,227.14389997925488,170.1342146008429,9.094947017729282e-13,957030.6750552768
550,320.72188528245636,82.00000001329673,227.14390012426253,170.13421457998527,9.094947017729282e-13,957030.6750549616
560,320.7218851984148,82.00000000901471,227.14390022750322,170.13421456506813,9.094947017729282e-13,957030.6750547477
570,320.7218851384843,82.00000000611166,227.14390030100205,170.13421455440286,9.094947017729282e-13,957030.6750546029
580,320.72188509575403,82.00000000414353,227.14390035332357,170.13421454677982,9.094947017729282e-13,957030.6750545048
590,320.7218850652918,82.00000000280916,227.14390039056724,170.13421454133274,9.094947017729282e-13,957030.6750544382
600,320.7218850435785,82.0000000019045,227.14390041707648,170.13421453744147,9.094947017729282e-13,957030.6750543929
610,320.72188502810315,82.00000000129117,227.14390043594412,170.13421453466236,7.958078640513122e-13,957030.6750543622
620,320.72188501707524,82.00000000087536,227.14390044937224,170.134214532678,7.958078640513122e-13,957030.6750543413
630,320.7218850092175,82.00000000059345,227.14390045892853,170.1342145312614,9.094947017729282e-13,957030.6750543274
640,320.7218850036192,82.00000000040232,227.14390046572905,170.13421453025038,9.094947017729282e-13,957030.6750543179
650,320.7218849996312,82.00000000027275,227.14390047056818,170.13421452952895,1.0231815394945443e-12,957030.6750543118
660,320.72188499679044,82.00000000018493,227.1439004740116,170.13421452901426,1.2505552149377763e-12,957030.6750543076
670,320.72188499476704,82.00000000012537,227.14390047646168,170.13421452864708,1.1368683772161603e-12,957030.6750543044
680,320.721884993326,82.00000000008502,227.14390047820487,170.1342145283852,1.1368683772161603e-12,957030.6750543023
690,320.72188499230003,82.00000000005764,227.1439004794452,170.1342145281985,1.3642420526593924e-12,957030.6750543014
700,320.7218849915693,82.00000000003908,227.1439004803276,170.1342145280654,1.3642420526593924e-12,957030.6750543005
710,320.721884991049,82.00000000002649,227.14390048095532,170.13421452797047,1.3642420526593924e-12,957030.6750542998
720,320.72188499067863,82.00000000001796,227.14390048140191,170.13421452790283,1.3642420526593924e-12,957030.6750542994
730,320.721884990415,82.00000000001218,227.1439004817196,170.13421452785462,1.3642420526593924e-12,957030.6750542992
740,320.7218849902273,82.00000000000826,227.1439004819456,170.13421452782026,1.3642420526593924e-12,957030.6750542991
750,320.72188499009366,82.00000000000558,227.14390048210635,170.13421452779576,1.3642420526593924e-12,957030.6750542987
760,320.72188498999856,82.0000000000038,227.14390048222066,170.13421452777834,1.3642420526593924e-12,957030.6750542987
770,320.72188498993086,82.00000000000259,227.14390048230203,170.13421452776592,1.3642420526593924e-12,957030.6750542987
780,320.7218849898827,82.00000000000176,227.14390048235987,170.13421452775702,1.3642420526593924e-12,957030.6750542986
790,320.7218849898485,82.0000000000012,227.14390048240102,170.13421452775077,1.4779288903810084e-12,957030.6750542987
800,320.7218849898241,82.00000000000081,227.14390048243027,170.1342145277463,1.4779288903810084e-12,957030.6750542987
810,320.72188498980677,82.00000000000054,227.1439004824511,170.1342145277431,1.4779288903810084e-12,957030.6750542987
820,320.72188498979443,82.0000000000004,227.14390048246588,170.13421452774082,1.5916157281026244e-12,957030.6750542988
830,320.7218849897856,82.00000000000026,227.14390048247643,170.13421452773923,1.5916157281026244e-12,957030.6750542988
840,320.72188498977937,82.00000000000018,227.14390048248393,170.13421452773804,1.4779288903810084e-12,957030.6750542988
850,320.72188498977494,82.00000000000018,227.14390048248927,170.1342145277372,1.5916157281026244e-12,957030.6750542988
860,320.7218849897718,82.00000000000018,227.14390048249305,170.13421452773665,1.7053025658242404e-12,957030.6750542991
870,320.7218849897696,82.00000000000018,227.14390048249575,170.13421452773628,1.8189894035458565e-12,957030.6750542992
880,320.72188498976806,82.00000000000018,227.1439004824977,170.134214527736,1.9326762412674725e-12,957030.6750542994
890,320.7218849897669,82.00000000000018,227.14390048249908,170.13421452773576,1.9326762412674725e-12,957030.6750542994
900,320.72188498976624,82.00000000000018,227.14390048250004,170.13421452773568,2.1600499167107046e-12,957030.6750542998
910,320.72188498976567,82.00000000000018,227.14390048250078,170.1342145277356,2.2737367544323206e-12,957030.6750542999
920,320.7218849897652,82.00000000000018,227.14390048250135,170.1342145277355,2.2737367544323206e-12,957030.6750542999
930,320.7218849897652,82.00000000000018,227.14390048250164,170.1342145277355,2.5011104298755527e-12,957030.6750543003
940,320.7218849897652,82.00000000000018,227.14390048250192,170.1342145277355,2.8421709430404007e-12,957030.6750543008
950,320.7218849897652,82.00000000000018,227.1439004825022,170.13421452773554,3.183231456205249e-12,957030.6750543013
960,320.7218849897652,82.00000000000018,227.14390048250243,170.1342145277356,3.410605131648481e-12,957030.6750543017
970,320.7218849897652,82.00000000000018,227.14390048250254,170.1342145277356,3.524291969370097e-12,957030.6750543019
980,320.7218849897652,82.00000000000018,227.14390048250254,170.1342145277356,3.524291969370097e-12,957030.6750543019
990,320.7218849897652,82.00000000000018,227.14390048250254,170.1342145277356,3.524291969370097e-12,957030.6750543019
1000,320.7218849897652,82.00000000000018,227.14390048250254,170.1342145277356,3.524291969370097e-12,957030.6750543019
1010,320.7218849897652,82.00000000000018,227.14390048250254,170.1342145277356,3.524291969370097e-12,957030.6750543019
1020,320.7218849897652,82.00000000000018,227.14390048250254,170.1342145277356,3.524291969370097e-12,957030.6750543019
1030,320.7218849897652,82.00000000000018,227.14390048250254,170.1342145277356,3.524291969370097e-12,957030.6750543019
1040,320.7218849897652,82.00000000000018,227.14390048250254,170.1342145277356,3.524291969370097e-12,957030.6750543019
1050,320.7218849897652,82.00000000000018,227.14390048250254,170.1342145277356,3.524291969370097e-12,957030.6750543019
1060,320.7218849897652,82.00000000000018,227.14390048250254,170.1342145277356,3.524291969370097e-12,957030.6750543019
1070,320.7218849897652,82.00000000000018,227.14390048250254,170.1342145277356,3.524291969370097e-12,957030.6750543019
1080,320.7218849897652,82.00000000000018,227.14390048250254,170.1342145277356,3.524291969370097e-12,957030.6750543019
1090,320.7218849897652,82.00000000000018,227.14390048250254,170.1342145277356,3.524291969370097e-12,957030.6750543019
1100,320.7218849897652,82.00000000000018,227.14390048250254,170.1342145277356,3.524291969370097e-12,957030.6750543019
1110,320.7218849897652,82.00000000000018,227.14390048250254,170.1342145277356,3.524291969370097e-12,957030.6750543019
1120,320.7218849897652,82.00000000000018,227.14390048250254,170.1342145277356,3.524291969370097e-12,957030.6750543019
1130,320.7218849897652,82.00000000000018,227.14390048250254,170.1342145277356,3.524291969370097e-12,957030.6750543019
1140,320.7218849897652,82.00000000000018,227.14390048250254,170.1342145277356,3.524291969370097e-12,957030.6750543019
1150,320.7218849897652,82.00000000000018,227.14390048250254,170.1342145277356,3.524291969370097e-12,957030.6750543019
1160,320.7218849897652,82.00000000000018,227.14390048250254,170.1342145277356,3.524291969370097e-12,957030.6750543019
1170,320.7218849897652,82.00000000000018,227.14390048250254,170.1342145277356,3.524291969370097e-12,957030.6750543019
1180,320.7218849897652,82.00000000000018,227.14390048250254,170.1342145277356,3.524291969370097e-12,957030.6750543019
1190,320.7218849897652,82.00000000000018,227.14390048250254,170.1342145277356,3.524291969370097e-12,957030.6750543019
1200,320.7218849897652,82.00000000000018,227.14390048250254,170.1342145277356,3.524291969370097e-12,957030.6750543019
1210,320.7218849897652,82.00000000000018,227.14390048250254,170.1342145277356,3.524291969370097e-12,957030.6750543019
1220,320.7218849897652,82.00000000000018,227.14390048250254,170.1342145277356,3.524291969370097e-12,957030.6750543019
1230,320.7218849897652,82.00000000000018,227.14390048250254,170.1342145277356,3.524291969370097e-12,957030.6750543019
1240,320.7218849897652,82.00000000000018,227.14390048250254,170.1342145277356,3.524291969370097e-12,957030.6750543019
1250,320.7218849897652,82.00000000000018,227.14390048250254,170.1342145277356,3.524291969370097e-12,957030.6750543019
1260,320.7218849897652,82.00000000000018,227.14390048250254,170.1342145277356,3.524291969370097e-12,957030.6750543019
1270,320.7218849897652,82.00000000000018,227.14390048250254,170.1342145277356,3.524291969370097e-12,957030.6750543019
1280,320.7218849897652,82.00000000000018,227.14390048250254,170.1342145277356,3.524291969370097e-12,957030.6750543019
1290,320.7218849897652,82.00000000000018,227.14390048250254,170.1342145277356,3.524291969370097e-12,957030.6750543019
1300,320.7218849897652,82.00000000000018,227.14390048250254,170.1342145277356,3.524291969370097e-12,957030.6750543019
1310,320.7218849897652,82.00000000000018,227.14390048250254,170.1342145277356,3.524291969370097e-12,957030.6750543019
1320,320.7218849897652,82.00000000000018,227.14390048250254,170.1342145277356,3.524291969370097e-12,957030.6750543019
1330,320.7218849897652,82.00000000000018,227.14390048250254,170.1342145277356,3.524291969370097e-12,957030.6750543019
1340,320.7218849897652,82.00000000000018,227.14390048250254,170.1342145277356,3.524291969370097e-12,957030.6750543019
1350,320.7218849897652,82.00000000000018,227.14390048250254,170.1342145277356,3.524291969370097e-12,957030.6750543019
1360,320.7218849897652,82.00000000000018,227.14390048250254,170.1342145277356,3.524291969370097e-12,957030.6750543019
1370,320.7218849897652,82.00000000000018,227.14390048250254,170.1342145277356,3.524291969370097e-12,957030.6750543019
1380,320.7218849897652,82.00000000000018,227.14390048250254,170.1342145277356,3.524291969370097e-12,957030.6750543019
1390,320.7218849897652,82.00000000000018,227.14390048250254,170.1342145277356,3.524291969370097e-12,957030.6750543019
1400,320.7218849897652,82.00000000000018,227.14390048250254,170.1342145277356,3.524291969370097e-12,957030.6750543019
1410,320.7218849897652,82.00000000000018,227.14390048250254,170.1342145277356,3.524291969370097e-12,957030.6750543019
1420,320.7218849897652,82.00000000000018,227.14390048250254,170.1342145277356,3.524291969370097e-12,957030.6750543019
1430,320.7218849897652,82.00000000000018,227.14390048250254,170.1342145277356,3.524291969370097e-12,957030.6750543019
1440,320.7218849897652,82.00000000000018,227.14390048250254,170.1342145277356,3.524291969370097e-12,957030.6750543019
1450,320.7218849897652,82.00000000000018,227.14390048250254,170.1342145277356,3.524291969370097e-12,957030.6750543019
1460,320.7218849897652,82.00000000000018,227.14390048250254,170.1342145277356,3.524291969370097e-12,957030.6750543019
1470,320.7218849897652,82.00000000000018,227.14390048250254,170.1342145277356,3.524291969370097e-12,957030.6750543019
1480,320.7218849897652,82.00000000000018,227.14390048250254,170.1342145277356,3.524291969370097e-12,957030.6750543019
1490,320.7218849897652,82.00000000000018,227.14390048250254,170.1342145277356,3.524291969370097e-12,957030.6750543019
1500,320.7218849897652,82.00000000000018,227.14390048250254,170.1342145277356,3.524291969370097e-12,957030.6750543019
1510,320.7218849897652,82.00000000000018,227.14390048250254,170.1342145277356,3.524291969370097e-12,957030.6750543019
1520,320.7218849897652,82.00000000000018,227.14390048250254,170.1342145277356,3.524291969370097e-12,957030.6750543019
1530,320.7218849897652,82.00000000000018,227.14390048250254,170.1342145277356,3.524291969370097e-12,957030.6750543019
1540,320.7218849897652,82.00000000000018,227.14390048250254,170.1342145277356,3.524291969370097e-12,957030.6750543019
1550,320.7218849897652,82.00000000000018,227.14390048250254,170.1342145277356,3.524291969370097e-12,957030.6750543019
1560,320.7218849897652,82.00000000000018,227.14390048250254,170.1342145277356,3.524291969370097e-12,957030.6750543019
1570,320.7218849897652,82.00000000000018,227.14390048250254,170.1342145277356,3.524291969370097e-12,957030.6750543019
1580,320.7218849897652,82.00000000000018,227.14390048250254,170.1342145277356,3.524291969370097e-12,957030.6750543019
1590,320.7218849897652,82.00000000000018,227.14390048250254,170.1342145277356,3.524291969370097e-12,957030.6750543019
1600,320.7218849897652,82.00000000000018,227.14390048250254,170.1342145277356,3.524291969370097e-12,957030.6750543019
1610,320.7218849897652,82.00000000000018,227.14390048250254,170.1342145277356,3.524291969370097e-12,957030.6750543019
1620,320.7218849897652,82.00000000000018,227.14390048250254,170.1342145277356,3.524291969370097e-12,957030.6750543019
1630,320.7218849897652,82.00000000000018,227.14390048250254,170.1342145277356,3.524291969370097e-12,957030.6750543019
1640,320.7218849897652,82.00000000000018,227.14390048250254,170.1342145277356,3.524291969370097e-12,957030.6750543019
1650,320.7218849897652,82.00000000000018,227.14390048250254,170.1342145277356,3.524291969370097e-12,957030.6750543019
1660,320.7218849897652,82.00000000000018,227.14390048250254,170.1342145277356,3.524291969370097e-12,957030.6750543019
1670,320.7218849897652,82.00000000000018,227.14390048250254,170.1342145277356,3.524291969370097e-12,957030.6750543019
1680,320.7218849897652,82.00000000000018,227.14390048250254,170.1342145277356,3.524291969370097e-12,957030.6750543019
1690,320.7218849897652,82.00000000000018,227.14390048250254,170.1342145277356,3.524291969370097e-12,957030.6750543019
1700,320.7218849897652,82.00000000000018,227.14390048250254,170.1342145277356,3.524291969370097e-12,957030.6750543019
1710,320.7218849897652,82.00000000000018,227.14390048250254,170.1342145277356,3.524291969370097e-12,957030.6750543019
1720,320.7218849897652,82.00000000000018,227.14390048250254,170.1342145277356,3.524291969370097e-12,957030.6750543019
1730,320.7218849897652,82.00000000000018,227.14390048250254,170.1342145277356,3.524291969370097e-12,957030.6750543019
1740,320.7218849897652,82.00000000000018,227.14390048250254,170.1342145277356,3.524291969370097e-12,957030.6750543019
1750,320.7218849897652,82.00000000000018,227.14390048250254,170.1342145277356,3.524291969370097e-12,957030.6750543019
1760,320.7218849897652,82.00000000000018,227.14390048250254,170.1342145277356,3.524291969370097e-12,957030.6750543019
1770,320.7218849897652,82.00000000000018,227.14390048250254,170.1342145277356,3.524291969370097e-12,957030.6750543019
1780,320.7218849897652,82.00000000000018,227.14390048250254,170.1342145277356,3.524291969370097e-12,957030.6750543019
1790,320.7218849897652,82.00000000000018,227.14390048250254,170.1342145277356,3.524291969370097e-12,957030.6750543019
1800,320.7218849897652,82.00000000000018,227.14390048250254,170.1342145277356,3.524291969370097e-12,957030.6750543019
1810,320.7218849897652,82.00000000000018,227.14390048250254,170.1342145277356,3.524291969370097e-12,957030.6750543019
1820,320.7218849897652,82.00000000000018,227.14390048250254,170.1342145277356,3.524291969370097e-12,957030.6750543019
1830,320.7218849897652,82.00000000000018,227.14390048250254,170.1342145277356,3.524291969370097e-12,957030.6750543019
1840,320.7218849897652,82.00000000000018,227.14390048250254,170.1342145277356,3.524291969370097e-12,957030.6750543019
1850,320.7218849897652,82.00000000000018,227.14390048250254,170.1342145277356,3.524291969370097e-12,957030.6750543019
1860,320.7218849897652,82.00000000000018,227.14390048250254,170.1342145277356,3.524291969370097e-12,957030.6750543019
1870,320.7218849897652,82.00000000000018,227.14390048250254,170.1342145277356,3.524291969370097e-12,957030.6750543019
1880,320.7218849897652,82.00000000000018,227.14390048250254,170.1342145277356,3.524291969370097e-12,957030.6750543019
1890,320.7218849897652,82.00000000000018,227.14390048250254,170.1342145277356,3.524291969370097e-12,957030.6750543019
1900,320.7218849897652,82.00000000000018,227.14390048250254,170.1342145277356,3.524291969370097e-12,957030.6750543019
1910,320.7218849897652,82.00000000000018,227.14390048250254,170.1342145277356,3.524291969370097e-12,957030.6750543019
1920,320.7218849897652,82.00000000000018,227.14390048250254,170.1342145277356,3.524291969370097e-12,957030.6750543019
1930,320.7218849897652,82.00000000000018,227.14390048250254,170.1342145277356,3.524291969370097e-12,957030.6750543019
1940,320.7218849897652,82.00000000000018,227.14390048250254,170.1342145277356,3.524291969370097e-12,957030.6750543019
1950,320.7218849897652,82.00000000000018,227.14390048250254,170.1342145277356,3.524291969370097e-12,957030.6750543019
1960,320.7218849897652,82.00000000000018,227.14390048250254,170.1342145277356,3.524291969370097e-12,957030.6750543019
1970,320.7218849897652,82.00000000000018,227.14390048250254,170.1342145277356,3.524291969370097e-12,957030.6750543019
1980,320.7218849897652,82.00000000000018,227.14390048250254,170.1342145277356,3.524291969370097e-12,957030.6750543019
1990,320.7218849897652,82.00000000000018,227.14390048250254,170.1342145277356,3.524291969370097e-12,957030.6750543019
2000,320.7218849897652,82.00000000000018,227.14390048250254,170.1342145277356,3.524291969370097e-12,957030.6750543019
2010,320.7218849897652,82.00000000000018,227.14390048250254,170.1342145277356,3.524291969370097e-12,957030.6750543019
2020,320.7218849897652,82.00000000000018,227.14390048250254,170.1342145277356,3.524291969370097e-12,957030.6750543019
2030,320.7218849897652,82.00000000000018,227.14390048250254,170.1342145277356,3.524291969370097e-12,957030.6750543019
2040,320.7218849897652,82.00000000000018,227.14390048250254,170.1342145277356,3.524291969370097e-12,957030.6750543019
2050,320.7218849897652,82.00000000000018,227.14390048250254,170.1342145277356,3.524291969370097e-12,957030.6750543019
2060,320.7218849897652,82.00000000000018,227.14390048250254,170.1342145277356,3.524291969370097e-12,957030.6750543019
2070,320.7218849897652,82.00000000000018,227.14390048250254,170.1342145277356,3.524291969370097e-12,957030.6750543019
2080,320.7218849897652,82.00000000000018,227.14390048250254,170.1342145277356,3.524291969370097e-12,957030.6750543019
2090,320.7218849897652,82.00000000000018,227.14390048250254,170.1342145277356,3.524291969370097e-12,957030.6750543019
2100,320.7218849897652,82.00000000000018,227.14390048250254,170.1342145277356,3.524291969370097e-12,957030.6750543019
2110,320.7218849897652,82.00000000000018,227.14390048250254,170.1342145277356,3.524291969370097e-12,957030.6750543019
2120,320.7218849897652,82.00000000000018,227.14390048250254,170.1342145277356,3.524291969370097e-12,957030.6750543019
2130,320.7218849897652,82.00000000000018,227.14390048250254,170.1342145277356,3.524291969370097e-12,957030.6750543019
2140,320.7218849897652,82.00000000000018,227.14390048250254,170.1342145277356,3.524291969370097e-12,957030.6750543019
2150,320.7218849897652,82.00000000000018,227.14390048250254,170.1342145277356,3.524291969370097e-12,957030.6750543019
2160,320.7218849897652,82.00000000000018,227.14390048250254,170.1342145277356,3.524291969370097e-12,957030.6750543019
2170,320.7218849897652,82.00000000000018,227.14390048250254,170.1342145277356,3.524291969370097e-12,957030.6750543019
2180,320.7218849897652,82.00000000000018,227.14390048250254,170.1342145277356,3.524291969370097e-12,957030.6750543019
2190,320.7218849897652,82.00000000000018,227.14390048250254,170.1342145277356,3.524291969370097e-12,957030.6750543019
2200,320.7218849897652,82.00000000000018,227.14390048250254,170.1342145277356,3.524291969370097e-12,957030.6750543019
2210,320.7218849897652,82.00000000000018,227.14390048250254,170.1342145277356,3.524291969370097e-12,957030.6750543019
2220,320.7218849897652,82.00000000000018,227.14390048250254,170.1342145277356,3.524291969370097e-12,957030.6750543019
2230,320.7218849897652,82.00000000000018,227.14390048250254,170.1342145277356,3.524291969370097e-12,957030.6750543019
2240,320.7218849897652,82.00000000000018,227.14390048250254,170.1342145277356,3.524291969370097e-12,957030.6750543019
2250,320.7218849897652,82.00000000000018,227.14390048250254,170.1342145277356,3.524291969370097e-12,957030.6750543019
2260,320.7218849897652,82.00000000000018,227.14390048250254,170.1342145277356,3.524291969370097e-12,957030.6750543019
2270,320.7218849897652,82.00000000000018,227.14390048250254,170.1342145277356,3.524291969370097e-12,957030.6750543019
2280,320.7218849897652,82.00000000000018,227.14390048250254,170.1342145277356,3.524291969370097e-12,957030.6750543019
2290,320.7218849897652,82.00000000000018,227.14390048250254,170.1342145277356,3.524291969370097e-12,957030.6750543019
2300,320.7218849897652,82.00000000000018,227.14390048250254,170.1342145277356,3.524291969370097e-12,957030.6750543019
2310,320.7218849897652,82.00000000000018,227.14390048250254,170.1342145277356,3.524291969370097e-12,957030.6750543019
2320,320.7218849897652,82.00000000000018,227.14390048250254,170.1342145277356,3.524291969370097e-12,957030.6750543019
2330,320.7218849897652,82.00000000000018,227.14390048250254,170.1342145277356,3.524291969370097e-12,957030.6750543019
2340,320.7218849897652,82.00000000000018,227.14390048250254,170.1342145277356,3.524291969370097e-12,957030.6750543019
2350,320.7218849897652,82.00000000000018,227.14390048250254,170.1342145277356,3.524291969370097e-12,957030.6750543019
2360,320.7218849897652,82.00000000000018,227.14390048250254,170.1342145277356,3.524291969370097e-12,957030.6750543019
2370,320.7218849897652,82.00000000000018,227.14390048250254,170.1342145277356,3.524291969370097e-12,957030.6750543019
2380,320.7218849897652,82.00000000000018,227.14390048250254,170.1342145277356,3.524291969370097e-12,957030.6750543019
2390,320.7218849897652,82.00000000000018,227.14390048250254,170.1342145277356,3.524291969370097e-12,957030.6750543019
2400,320.7218849897652,82.00000000000018,227.14390048250254,170.1342145277356,3.524291969370097e-12,957030.6750543019
2410,320.7218849897652,82.00000000000018,227.14390048250254,170.1342145277356,3.524291969370097e-12,957030.6750543019
2420,320.7218849897652,82.00000000000018,227.14390048250254,170.1342145277356,3.524291969370097e-12,957030.6750543019
2430,320.7218849897652,82.00000000000018,227.14390048250254,170.1342145277356,3.524291969370097e-12,957030.6750543019
2440,320.7218849897652,82.00000000000018,227.14390048250254,170.1342145277356,3.524291969370097e-12,957030.6750543019
2450,320.7218849897652,82.00000000000018,227.14390048250254,170.1342145277356,3.524291969370097e-12,957030.6750543019
2460,320.7218849897652,82.00000000000018,227.14390048250254,170.1342145277356,3.524291969370097e-12,957030.6750543019
2470,320.7218849897652,82.00000000000018,227.14390048250254,170.1342145277356,3.524291969370097e-12,957030.6750543019
2480,320.7218849897652,82.00000000000018,227.14390048250254,170.1342145277356,3.524291969370097e-12,957030.6750543019
2490,320.7218849897652,82.00000000000018,227.14390048250254,170.1342145277356,3.524291969370097e-12,957030.6750543019
2500,320.7218849897652,82.00000000000018,227.14390048250254,170.1342145277356,3.524291969370097e-12,957030.6750543019
2510,320.7218849897652,82.00000000000018,227.14390048250254,170.1342145277356,3.524291969370097e-12,957030.6750543019
2520,320.7218849897652,82.00000000000018,227.14390048250254,170.1342145277356,3.524291969370097e-12,957030.6750543019
2530,320.7218849897652,82.00000000000018,227.14390048250254,170.1342145277356,3.524291969370097e-12,957030.6750543019
2540,320.7218849897652,82.00000000000018,227.14390048250254,170.1342145277356,3.524291969370097e-12,957030.6750543019
2550,320.7218849897652,82.00000000000018,227.14390048250254,170.1342145277356,3.524291969370097e-12,957030.6750543019
2560,320.7218849897652,82.00000000000018,227.14390048250254,170.1342145277356,3.524291969370097e-12,957030.6750543019
2570,320.7218849897652,82.00000000000018,227.14390048250254,170.1342145277356,3.524291969370097e-12,957030.6750543019
2580,320.7218849897652,82.00000000000018,227.14390048250254,170.1342145277356,3.524291969370097e-12,957030.6750543019
2590,320.7218849897652,82.00000000000018,227.14390048250254,170.1342145277356,3.524291969370097e-12,957030.6750543019
2600,320.7218849897652,82.00000000000018,227.14390048250254,170.1342145277356,3.524291969370097e-12,957030.6750543019
2610,320.7218849897652,82.00000000000018,227.14390048250254,170.1342145277356,3.524291969370097e-12,957030.6750543019
2620,320.7218849897652,82.00000000000018,227.14390048250254,170.1342145277356,3.524291969370097e-12,957030.6750543019
2630,320.7218849897652,82.00000000000018,227.14390048250254,170.1342145277356,3.524291969370097e-12,957030.6750543019
2640,320.7218849897652,82.00000000000018,227.14390048250254,170.1342145277356,3.524291969370097e-12,957030.6750543019
2650,320.7218849897652,82.00000000000018,227.14390048250254,170.1342145277356,3.524291969370097e-12,957030.6750543019
2660,320.7218849897652,82.00000000000018,227.14390048250254,170.1342145277356,3.524291969370097e-12,957030.6750543019
2670,320.7218849897652,82.00000000000018,227.14390048250254,170.1342145277356,3.524291969370097e-12,957030.6750543019
2680,320.7218849897652,82.00000000000018,227.14390048250254,170.1342145277356,3.524291969370097e-12,957030.6750543019
2690,320.7218849897652,82.00000000000018,227.14390048250254,170.1342145277356,3.524291969370097e-12,957030.6750543019
2700,320.7218849897652,82.00000000000018,227.14390048250254,170.1342145277356,3.524291969370097e-12,957030.6750543019
2710,320.7218849897652,82.00000000000018,227.14390048250254,170.1342145277356,3.524291969370097e-12,957030.6750543019
2720,320.7218849897652,82.00000000000018,227.14390048250254,170.1342145277356,3.524291969370097e-12,957030.6750543019
2730,320.7218849897652,82.00000000000018,227.14390048250254,170.1342145277356,3.524291969370097e-12,957030.6750543019
2740,320.7218849897652,82.00000000000018,227.14390048250254,170.1342145277356,3.524291969370097e-12,957030.6750543019
2750,320.7218849897652,82.00000000000018,227.14390048250254,170.1342145277356,3.524291969370097e-12,957030.6750543019
2760,320.7218849897652,82.00000000000018,227.14390048250254,170.1342145277356,3.524291969370097e-12,957030.6750543019
2770,320.7218849897652,82.00000000000018,227.14390048250254,170.1342145277356,3.524291969370097e-12,957030.6750543019
2780,320.7218849897652,82.00000000000018,227.14390048250254,170.1342145277356,3.524291969370097e-12,957030.6750543019
2790,320.7218849897652,82.00000000000018,227.14390048250254,170.1342145277356,3.524291969370097e-12,957030.6750543019
2800,320.7218849897652,82.00000000000018,227.14390048250254,170.1342145277356,3.524291969370097e-12,957030.6750543019
2810,320.7218849897652,82.00000000000018,227.14390048250254,170.1342145277356,3.524291969370097e-12,957030.6750543019
2820,320.7218849897652,82.00000000000018,227.14390048250254,170.1342145277356,3.524291969370097e-12,957030.6750543019
2830,320.7218849897652,82.00000000000018,227.14390048250254,170.1342145277356,3.524291969370097e-12,957030.6750543019
2840,320.7218849897652,82.00000000000018,227.14390048250254,170.1342145277356,3.524291969370097e-12,957030.6750543019
2850,320.7218849897652,82.00000000000018,227.14390048250254,170.1342145277356,3.524291969370097e-12,957030.6750543019
2860,320.7218849897652,82.00000000000018,227.14390048250254,170.1342145277356,3.524291969370097e-12,957030.6750543019
2870,320.7218849897652,82.00000000000018,227.14390048250254,170.1342145277356,3.524291969370097e-12,957030.6750543019
2880,320.7218849897652,82.00000000000018,227.14390048250254,170.1342145277356,3.524291969370097e-12,957030.6750543019
2890,320.7218849897652,82.00000000000018,227.14390048250254,170.1342145277356,3.524291969370097e-12,957030.6750543019
2900,320.7218849897652,82.00000000000018,227.14390048250254,170.1342145277356,3.524291969370097e-12,957030.6750543019
2910,320.7218849897652,82.00000000000018,227.14390048250254,170.1342145277356,3.524291969370097e-12,957030.6750543019
2920,320.7218849897652,82.00000000000018,227.14390048250254,170.1342145277356,3.524291969370097e-12,957030.6750543019
2930,320.7218849897652,82.00000000000018,227.14390048250254,170.1342145277356,3.524291969370097e-12,957030.6750543019
2940,320.7218849897652,82.00000000000018,227.14390048250254,170.1342145277356,3.524291969370097e-12,957030.6750543019
2950,320.7218849897652,82.00000000000018,227.14390048250254,170.1342145277356,3.524291969370097e-12,957030.6750543019
2960,320.7218849897652,82.00000000000018,227.14390048250254,170.1342145277356,3.524291969370097e-12,957030.6750543019
2970,320.7218849897652,82.00000000000018,227.14390048250254,170.1342145277356,3.524291969370097e-12,957030.6750543019
2980,320.7218849897652,82.00000000000018,227.14390048250254,170.1342145277356,3.524291969370097e-12,957030.6750543019
2990,320.7218849897652,82.00000000000018,227.14390048250254,170.1342145277356,3.524291969370097e-12,957030.6750543019
3000,320.7218849897652,82.00000000000018,227.14390048250254,170.1342145277356,3.524291969370097e-12,957030.6750543019
